id,application_date,tot_claim_cnt_l180d,disb_bank_loan_wo_tbc,day_sinlastloan,num_contracts,bank_counts,total_loan_summa
2925211.0,2024-02-12 19:24:29.135000+00:00,58,-1.0,427,82,7,0
2925213.0,2024-02-12 19:24:29.135000+00:00,58,-1.0,427,82,7,0
2925215.0,2024-02-12 19:25:10.176000+00:00,58,-1.0,427,82,7,0
2925216.0,2024-02-12 19:25:10.176000+00:00,58,-1.0,427,82,7,0
2925218.0,2024-02-12 19:40:15.507000+00:00,13,-3.0,288,17,8,99995700
2925220.0,2024-02-12 19:40:15.507000+00:00,13,-3.0,288,17,8,99995700
2925222.0,2024-02-12 19:40:43.421000+00:00,13,-3.0,288,17,8,99995700
2925224.0,2024-02-12 19:40:43.421000+00:00,13,-3.0,288,17,8,99995700
2925227.0,2024-02-12 19:42:18.189000+00:00,13,-3.0,288,17,8,99995700
2925228.0,2024-02-12 19:42:18.189000+00:00,13,-3.0,288,17,8,99995700
2925231.0,2024-02-13 03:25:23.976000+00:00,12,2537851751.0,170,37,8,2542652151
2925232.0,2024-02-13 03:25:23.976000+00:00,12,2537851751.0,170,37,8,2542652151
2925234.0,2024-02-13 03:41:40.303000+00:00,3,-3.0,-1,3,2,0
2925236.0,2024-02-13 03:41:40.303000+00:00,3,-3.0,-1,3,2,0
2925238.0,2024-02-13 03:42:10.012000+00:00,3,-3.0,-1,3,2,0
2925240.0,2024-02-13 03:42:10.012000+00:00,3,-3.0,-1,3,2,0
2925243.0,2024-02-13 03:51:23.602000+00:00,20,559300000.0,158,98,12,693700000
2925244.0,2024-02-13 03:51:23.602000+00:00,20,559300000.0,158,98,12,693700000
2925246.0,2024-02-13 03:55:31.382000+00:00,3,-3.0,-1,3,2,0
2925247.0,2024-02-13 03:55:31.382000+00:00,3,-3.0,-1,3,2,0
2925250.0,2024-02-13 04:04:11.928000+00:00,55,2176827289.0,38,55,5,2176827289
2925252.0,2024-02-13 04:04:11.928000+00:00,55,2176827289.0,38,55,5,2176827289
2925254.0,2024-02-13 04:05:02.726000+00:00,55,2176827289.0,38,55,5,2176827289
2925256.0,2024-02-13 04:05:02.726000+00:00,55,2176827289.0,38,55,5,2176827289
2925257.0,2024-02-13 04:05:50.098000+00:00,1,-3.0,-1,7,1,0
2925259.0,2024-02-13 04:05:50.098000+00:00,1,-3.0,-1,7,1,0
2925261.0,2024-02-13 04:06:17.769000+00:00,1,-3.0,-1,7,1,0
2925262.0,2024-02-13 04:06:17.769000+00:00,1,-3.0,-1,7,1,0
2925276.0,2024-02-13 04:11:15.752000+00:00,5,9905106700.0,69,17,9,10177832700
2925277.0,2024-02-13 04:11:15.752000+00:00,5,9905106700.0,69,17,9,10177832700
2925279.0,2024-02-13 04:12:47.725000+00:00,15,1421662913.0,15,39,9,1421662913
2925281.0,2024-02-13 04:12:47.725000+00:00,15,1421662913.0,15,39,9,1421662913
2925283.0,2024-02-13 04:13:25.785000+00:00,15,1421662913.0,15,39,9,1421662913
2925284.0,2024-02-13 04:13:25.785000+00:00,15,1421662913.0,15,39,9,1421662913
2925286.0,2024-02-13 04:16:32.527000+00:00,1,-3.0,-1,7,1,0
2925288.0,2024-02-13 04:16:32.527000+00:00,1,-3.0,-1,7,1,0
2925291.0,2024-02-13 04:17:28.722000+00:00,5,233087600.0,141,7,4,423137600
2925293.0,2024-02-13 04:17:28.722000+00:00,5,233087600.0,141,7,4,423137600
2925295.0,2024-02-13 04:17:53.246000+00:00,5,233087600.0,141,7,4,423137600
2925298.0,2024-02-13 04:17:57.561000+00:00,16,300000000.0,19,43,6,724380000
2925300.0,2024-02-13 04:17:53.246000+00:00,5,233087600.0,141,7,4,423137600
2925305.0,2024-02-13 04:17:57.561000+00:00,16,300000000.0,19,43,6,724380000
2925311.0,2024-02-13 04:18:38.398000+00:00,2,-3.0,-1,2,2,0
2925312.0,2024-02-13 04:18:41.623000+00:00,16,300000000.0,19,43,6,724380000
2925314.0,2024-02-13 04:18:38.398000+00:00,2,-3.0,-1,2,2,0
2925316.0,2024-02-13 04:18:41.623000+00:00,16,300000000.0,19,43,6,724380000
2925319.0,2024-02-13 04:19:14.616000+00:00,2,-3.0,-1,2,2,0
2925322.0,2024-02-13 04:19:14.616000+00:00,2,-3.0,-1,2,2,0
2925326.0,2024-02-13 04:20:24.691000+00:00,2,-3.0,-1,2,2,0
2925329.0,2024-02-13 04:20:24.691000+00:00,2,-3.0,-1,2,2,0
2925331.0,2024-02-13 04:20:50.741000+00:00,2,-3.0,-1,2,2,0
2925332.0,2024-02-13 04:20:50.741000+00:00,2,-3.0,-1,2,2,0
2925333.0,2024-02-13 04:21:14.833000+00:00,1,-1.0,1730,4,3,0
2925335.0,2024-02-13 04:21:14.833000+00:00,1,-1.0,1730,4,3,0
2925340.0,2024-02-13 04:22:06.863000+00:00,2,-1.0,726,4,4,0
2925343.0,2024-02-13 04:22:19.610000+00:00,-3,-3.0,-1,7,1,0
2925344.0,2024-02-13 04:22:06.863000+00:00,2,-1.0,726,4,4,0
2925347.0,2024-02-13 04:22:19.610000+00:00,-3,-3.0,-1,7,1,0
2925349.0,2024-02-13 04:22:47.668000+00:00,-3,-3.0,-1,7,1,0
2925350.0,2024-02-13 04:22:47.766000+00:00,2,-1.0,726,4,4,0
2925352.0,2024-02-13 04:22:47.766000+00:00,2,-1.0,726,4,4,0
2925353.0,2024-02-13 04:22:47.668000+00:00,-3,-3.0,-1,7,1,0
2925356.0,2024-02-13 04:24:34.488000+00:00,-3,-3.0,-1,7,1,0
2925357.0,2024-02-13 04:24:34.488000+00:00,-3,-3.0,-1,7,1,0
2925360.0,2024-02-13 04:27:50.151000+00:00,7,-3.0,-1,7,2,0
2925362.0,2024-02-13 04:27:50.151000+00:00,7,-3.0,-1,7,2,0
2925364.0,2024-02-13 04:28:29.262000+00:00,7,-3.0,-1,7,2,0
2925366.0,2024-02-13 04:28:29.262000+00:00,7,-3.0,-1,7,2,0
2925368.0,2024-02-13 04:29:07.843000+00:00,-3,-1.0,434,7,1,0
2925370.0,2024-02-13 04:29:07.843000+00:00,-3,-1.0,434,7,1,0
2925372.0,2024-02-13 04:29:37.337000+00:00,-3,-1.0,434,7,1,0
2925374.0,2024-02-13 04:29:37.337000+00:00,-3,-1.0,434,7,1,0
2925377.0,2024-02-13 04:31:49.036000+00:00,-3,19384938046.0,209,7,1,19384938046
2925379.0,2024-02-13 04:31:49.036000+00:00,-3,19384938046.0,209,7,1,19384938046
2925382.0,2024-02-13 04:32:27.973000+00:00,-3,19384938046.0,209,7,1,19384938046
2925383.0,2024-02-13 04:32:27.973000+00:00,-3,19384938046.0,209,7,1,19384938046
2925384.0,2024-02-13 04:32:55.966000+00:00,1,10308484000.0,22,6,5,11508484000
2925385.0,2024-02-13 04:32:55.966000+00:00,1,10308484000.0,22,6,5,11508484000
2925388.0,2024-02-13 04:35:57.698000+00:00,7,3225259367.0,173,12,6,3225259367
2925392.0,2024-02-13 04:35:57.698000+00:00,7,3225259367.0,173,12,6,3225259367
2925396.0,2024-02-13 04:36:27.640000+00:00,7,3225259367.0,173,12,6,3225259367
2925398.0,2024-02-13 04:36:27.640000+00:00,7,3225259367.0,173,12,6,3225259367
2925402.0,2024-02-13 04:38:56.269000+00:00,3,-1.0,993,25,8,0
2925403.0,2024-02-13 04:39:00.502000+00:00,2,28399988003.0,888,10,6,28399988003
2925406.0,2024-02-13 04:38:56.269000+00:00,3,-1.0,993,25,8,0
2925408.0,2024-02-13 04:39:00.502000+00:00,2,28399988003.0,888,10,6,28399988003
2925411.0,2024-02-13 04:39:27.271000+00:00,3,-1.0,993,25,8,0
2925413.0,2024-02-13 04:39:34.629000+00:00,2,28399988003.0,888,10,6,28399988003
2925415.0,2024-02-13 04:39:27.271000+00:00,3,-1.0,993,25,8,0
2925417.0,2024-02-13 04:39:34.629000+00:00,2,28399988003.0,888,10,6,28399988003
2925418.0,2024-02-13 04:39:59.240000+00:00,-3,389592220.0,471,12,3,465192220
2925420.0,2024-02-13 04:39:59.240000+00:00,-3,389592220.0,471,12,3,465192220
2925421.0,2024-02-13 04:40:20.570000+00:00,5,8065950137.0,123,16,9,8065950137
2925423.0,2024-02-13 04:40:37.598000+00:00,-3,389592220.0,471,12,3,465192220
2925424.0,2024-02-13 04:40:20.570000+00:00,5,8065950137.0,123,16,9,8065950137
2925426.0,2024-02-13 04:40:37.598000+00:00,-3,389592220.0,471,12,3,465192220
2925429.0,2024-02-13 04:41:34.901000+00:00,6,-3.0,700,10,4,208232666
2925430.0,2024-02-13 04:41:34.901000+00:00,6,-3.0,700,10,4,208232666
2925432.0,2024-02-13 04:45:20.412000+00:00,-3,389592220.0,471,12,3,465192220
2925433.0,2024-02-13 04:45:20.412000+00:00,-3,389592220.0,471,12,3,465192220
2925436.0,2024-02-13 04:46:14.687000+00:00,4,700000000.0,6,4,3,700000000
2925438.0,2024-02-13 04:46:14.687000+00:00,4,700000000.0,6,4,3,700000000
2925440.0,2024-02-13 04:46:43.913000+00:00,4,700000000.0,6,4,3,700000000
2925442.0,2024-02-13 04:46:43.913000+00:00,4,700000000.0,6,4,3,700000000
2925443.0,2024-02-13 04:47:28.550000+00:00,150,4348396530.0,159,378,18,4387728730
2925445.0,2024-02-13 04:48:14.541000+00:00,1,8150077272.0,281,2,2,8150077272
2925447.0,2024-02-13 04:48:14.541000+00:00,1,8150077272.0,281,2,2,8150077272
2925449.0,2024-02-13 04:48:42.392000+00:00,1,8150077272.0,281,2,2,8150077272
2925451.0,2024-02-13 04:48:42.392000+00:00,1,8150077272.0,281,2,2,8150077272
2925452.0,2024-02-13 04:47:28.550000+00:00,150,4348396530.0,159,378,18,4387728730
2925456.0,2024-02-13 04:49:22.653000+00:00,4,1000000000.0,4,8,4,1000000000
2925458.0,2024-02-13 04:49:22.653000+00:00,4,1000000000.0,4,8,4,1000000000
2925460.0,2024-02-13 04:49:49.027000+00:00,4,1000000000.0,4,8,4,1000000000
2925462.0,2024-02-13 04:49:52.741000+00:00,3,-3.0,-1,3,2,0
2925464.0,2024-02-13 04:50:00.491000+00:00,6,307403141.0,125,16,4,1101846741
2925465.0,2024-02-13 04:50:01.966000+00:00,3,-3.0,-1,3,2,0
2925466.0,2024-02-13 04:49:49.027000+00:00,4,1000000000.0,4,8,4,1000000000
2925468.0,2024-02-13 04:49:52.741000+00:00,3,-3.0,-1,3,2,0
2925472.0,2024-02-13 04:50:00.491000+00:00,6,307403141.0,125,16,4,1101846741
2925473.0,2024-02-13 04:50:01.966000+00:00,3,-3.0,-1,3,2,0
2925476.0,2024-02-13 04:50:37.021000+00:00,6,307403141.0,125,16,4,1101846741
2925477.0,2024-02-13 04:50:44.200000+00:00,3,-3.0,-1,3,2,0
2925478.0,2024-02-13 04:50:37.021000+00:00,6,307403141.0,125,16,4,1101846741
2925479.0,2024-02-13 04:50:44.200000+00:00,3,-3.0,-1,3,2,0
2925480.0,2024-02-13 04:50:57.645000+00:00,3,-3.0,-1,3,2,0
2925482.0,2024-02-13 04:50:57.645000+00:00,3,-3.0,-1,3,2,0
2925484.0,2024-02-13 04:51:36.898000+00:00,2,-3.0,187,7,3,309600000
2925485.0,2024-02-13 04:51:36.898000+00:00,2,-3.0,187,7,3,309600000
2925486.0,2024-02-13 04:52:01.398000+00:00,2,3767550595.0,369,10,4,3767550595
2925490.0,2024-02-13 04:52:01.398000+00:00,2,3767550595.0,369,10,4,3767550595
2925492.0,2024-02-13 04:52:35.289000+00:00,1,1374999700.0,156,13,4,1374999700
2925493.0,2024-02-13 04:52:40.644000+00:00,2,3767550595.0,369,10,4,3767550595
2925495.0,2024-02-13 04:52:42.959000+00:00,13,431182433.0,299,17,5,431182433
2925497.0,2024-02-13 04:52:40.644000+00:00,2,3767550595.0,369,10,4,3767550595
2925498.0,2024-02-13 04:52:35.289000+00:00,1,1374999700.0,156,13,4,1374999700
2925500.0,2024-02-13 04:52:42.959000+00:00,13,431182433.0,299,17,5,431182433
2925503.0,2024-02-13 04:53:11.954000+00:00,13,431182433.0,299,17,5,431182433
2925504.0,2024-02-13 04:53:15.811000+00:00,1,1374999700.0,156,13,4,1374999700
2925506.0,2024-02-13 04:53:11.954000+00:00,13,431182433.0,299,17,5,431182433
2925507.0,2024-02-13 04:53:15.811000+00:00,1,1374999700.0,156,13,4,1374999700
2925508.0,2024-02-13 04:53:41.149000+00:00,4,7045370606.0,553,14,4,7045370606
2925509.0,2024-02-13 04:53:41.149000+00:00,4,7045370606.0,553,14,4,7045370606
2925510.0,2024-02-13 04:54:10.776000+00:00,5,3692414810.0,106,74,8,3692414810
2925513.0,2024-02-13 04:54:10.776000+00:00,5,3692414810.0,106,74,8,3692414810
2925514.0,2024-02-13 04:54:49.641000+00:00,2,41667400.0,680,8,6,41667400
2925515.0,2024-02-13 04:55:03.845000+00:00,150,4348396530.0,159,378,18,4387728730
2925516.0,2024-02-13 04:54:49.641000+00:00,2,41667400.0,680,8,6,41667400
2925520.0,2024-02-13 04:56:00.336000+00:00,1,-1.0,1356,17,9,0
2925521.0,2024-02-13 04:56:12.376000+00:00,4,7045370606.0,553,14,4,7045370606
2925522.0,2024-02-13 04:56:00.336000+00:00,1,-1.0,1356,17,9,0
2925523.0,2024-02-13 04:56:21.891000+00:00,10,-3.0,-1,10,5,0
2925524.0,2024-02-13 04:56:12.376000+00:00,4,7045370606.0,553,14,4,7045370606
2925526.0,2024-02-13 04:55:03.845000+00:00,150,4348396530.0,159,378,18,4387728730
2925527.0,2024-02-13 04:56:21.891000+00:00,10,-3.0,-1,10,5,0
2925530.0,2024-02-13 04:56:49.252000+00:00,10,-3.0,-1,10,5,0
2925532.0,2024-02-13 04:56:49.943000+00:00,4,1000000000.0,4,8,4,1000000000
2925534.0,2024-02-13 04:56:49.252000+00:00,10,-3.0,-1,10,5,0
2925535.0,2024-02-13 04:56:49.943000+00:00,4,1000000000.0,4,8,4,1000000000
2925538.0,2024-02-13 04:57:31.286000+00:00,9,136001300.0,29,9,3,136001300
2925540.0,2024-02-13 04:57:31.286000+00:00,9,136001300.0,29,9,3,136001300
2925542.0,2024-02-13 04:57:57.911000+00:00,9,136001300.0,29,9,3,136001300
2925543.0,2024-02-13 04:57:57.911000+00:00,9,136001300.0,29,9,3,136001300
2925545.0,2024-02-13 04:59:17.213000+00:00,5,1008000000.0,113,31,6,1880874400
2925548.0,2024-02-13 04:59:17.213000+00:00,5,1008000000.0,113,31,6,1880874400
2925550.0,2024-02-13 04:59:47.582000+00:00,5,1008000000.0,113,31,6,1880874400
2925551.0,2024-02-13 04:59:53.736000+00:00,1,-1.0,309,4,4,0
2925552.0,2024-02-13 04:59:47.582000+00:00,5,1008000000.0,113,31,6,1880874400
2925553.0,2024-02-13 04:59:53.736000+00:00,1,-1.0,309,4,4,0
2925556.0,2024-02-13 05:01:55.312000+00:00,-3,-1.0,2497,7,1,0
2925558.0,2024-02-13 05:02:02.608000+00:00,3,-3.0,-1,4,2,0
2925560.0,2024-02-13 05:01:55.312000+00:00,-3,-1.0,2497,7,1,0
2925562.0,2024-02-13 05:02:02.608000+00:00,3,-3.0,-1,4,2,0
2925564.0,2024-02-13 05:02:28.787000+00:00,3,-3.0,-1,4,2,0
2925565.0,2024-02-13 05:02:35.270000+00:00,-3,-1.0,2497,7,1,0
2925566.0,2024-02-13 05:02:28.787000+00:00,3,-3.0,-1,4,2,0
2925567.0,2024-02-13 05:02:35.270000+00:00,-3,-1.0,2497,7,1,0
2925570.0,2024-02-13 05:05:25.573000+00:00,7,3225259367.0,173,12,6,3225259367
2925571.0,2024-02-13 05:05:25.573000+00:00,7,3225259367.0,173,12,6,3225259367
2925572.0,2024-02-13 05:06:00.977000+00:00,2,364000000.0,34,4,2,639385500
2925575.0,2024-02-13 05:06:00.977000+00:00,2,364000000.0,34,4,2,639385500
2925577.0,2024-02-13 05:06:37.581000+00:00,2,364000000.0,34,4,2,639385500
2925578.0,2024-02-13 05:06:37.581000+00:00,2,364000000.0,34,4,2,639385500
2925582.0,2024-02-13 05:07:41.594000+00:00,12,11528774954.0,309,22,4,11528774954
2925583.0,2024-02-13 05:07:48.546000+00:00,7,-3.0,71,7,4,2854052300
2925585.0,2024-02-13 05:07:41.594000+00:00,12,11528774954.0,309,22,4,11528774954
2925586.0,2024-02-13 05:07:48.546000+00:00,7,-3.0,71,7,4,2854052300
2925587.0,2024-02-13 05:08:22.709000+00:00,150,4348396530.0,159,378,18,4387728730
2925588.0,2024-02-13 05:08:31.931000+00:00,2,-1.0,934,10,5,0
2925590.0,2024-02-13 05:08:31.931000+00:00,2,-1.0,934,10,5,0
2925593.0,2024-02-13 05:08:57.660000+00:00,2,-1.0,934,10,5,0
2925595.0,2024-02-13 05:08:57.660000+00:00,2,-1.0,934,10,5,0
2925597.0,2024-02-13 05:09:17.713000+00:00,-3,456374022.0,186,13,6,490874022
2925600.0,2024-02-13 05:09:17.713000+00:00,-3,456374022.0,186,13,6,490874022
2925602.0,2024-02-13 05:08:22.709000+00:00,150,4348396530.0,159,378,18,4387728730
2925603.0,2024-02-13 05:09:58.388000+00:00,-3,456374022.0,186,13,6,490874022
2925605.0,2024-02-13 05:10:05.943000+00:00,5,11013249426.0,54,38,9,11016945426
2925606.0,2024-02-13 05:09:58.388000+00:00,-3,456374022.0,186,13,6,490874022
2925607.0,2024-02-13 05:10:05.943000+00:00,5,11013249426.0,54,38,9,11016945426
2925615.0,2024-02-13 05:14:21.241000+00:00,2,-3.0,-1,2,2,0
2925617.0,2024-02-13 05:14:21.241000+00:00,2,-3.0,-1,2,2,0
2925619.0,2024-02-13 05:14:49.380000+00:00,2,-3.0,-1,2,2,0
2925620.0,2024-02-13 05:14:49.380000+00:00,2,-3.0,-1,2,2,0
2925623.0,2024-02-13 05:15:56.390000+00:00,4,-3.0,-1,4,2,0
2925625.0,2024-02-13 05:15:56.390000+00:00,4,-3.0,-1,4,2,0
2925627.0,2024-02-13 05:16:16.917000+00:00,4,333333500.0,236,19,8,714833200
2925628.0,2024-02-13 05:16:22.952000+00:00,4,-3.0,-1,4,2,0
2925629.0,2024-02-13 05:16:16.917000+00:00,4,333333500.0,236,19,8,714833200
2925630.0,2024-02-13 05:16:22.952000+00:00,4,-3.0,-1,4,2,0
2925632.0,2024-02-13 05:17:20.966000+00:00,1,-3.0,-1,7,1,0
2925634.0,2024-02-13 05:17:20.966000+00:00,1,-3.0,-1,7,1,0
2925636.0,2024-02-13 05:17:48.255000+00:00,1,-3.0,-1,7,1,0
2925639.0,2024-02-13 05:17:48.255000+00:00,1,-3.0,-1,7,1,0
2925640.0,2024-02-13 05:18:20.297000+00:00,13,-1.0,13,13,9,0
2925643.0,2024-02-13 05:18:31.076000+00:00,1,591134623.0,177,9,4,709934623
2925644.0,2024-02-13 05:18:20.297000+00:00,13,-1.0,13,13,9,0
2925647.0,2024-02-13 05:18:31.076000+00:00,1,591134623.0,177,9,4,709934623
2925650.0,2024-02-13 05:18:57.176000+00:00,2,3369374993.0,50,13,6,3382404327
2925651.0,2024-02-13 05:18:58.229000+00:00,13,-1.0,13,13,9,0
2925653.0,2024-02-13 05:19:03.547000+00:00,1,591134623.0,177,9,4,709934623
2925654.0,2024-02-13 05:18:57.176000+00:00,2,3369374993.0,50,13,6,3382404327
2925655.0,2024-02-13 05:18:58.229000+00:00,13,-1.0,13,13,9,0
2925657.0,2024-02-13 05:19:03.547000+00:00,1,591134623.0,177,9,4,709934623
2925659.0,2024-02-13 05:19:20.692000+00:00,2,3369374993.0,50,13,6,3382404327
2925660.0,2024-02-13 05:19:20.692000+00:00,2,3369374993.0,50,13,6,3382404327
2925661.0,2024-02-13 05:19:31.785000+00:00,13,1947640089.0,15,18,8,2129569889
2925662.0,2024-02-13 05:19:31.785000+00:00,13,1947640089.0,15,18,8,2129569889
2925664.0,2024-02-13 05:20:12.437000+00:00,10,-1.0,4,47,8,314000000
2925666.0,2024-02-13 05:20:27.076000+00:00,7,-1.0,370,13,5,0
2925668.0,2024-02-13 05:20:12.437000+00:00,10,-1.0,4,47,8,314000000
2925670.0,2024-02-13 05:20:27.076000+00:00,7,-1.0,370,13,5,0
2925672.0,2024-02-13 05:20:50.336000+00:00,10,-1.0,4,47,8,314000000
2925673.0,2024-02-13 05:20:57.585000+00:00,7,-1.0,370,13,5,0
2925675.0,2024-02-13 05:20:50.336000+00:00,10,-1.0,4,47,8,314000000
2925676.0,2024-02-13 05:20:57.585000+00:00,7,-1.0,370,13,5,0
2925679.0,2024-02-13 05:21:55.160000+00:00,2,-1.0,934,10,5,0
2925680.0,2024-02-13 05:21:55.160000+00:00,2,-1.0,934,10,5,0
2925684.0,2024-02-13 05:23:31.018000+00:00,1,591134623.0,177,9,4,709934623
2925686.0,2024-02-13 05:23:31.018000+00:00,1,591134623.0,177,9,4,709934623
2925687.0,2024-02-13 05:24:02.142000+00:00,7,-3.0,82,16,4,0
2925692.0,2024-02-13 05:24:02.142000+00:00,7,-3.0,82,16,4,0
2925696.0,2024-02-13 05:24:33.318000+00:00,7,-3.0,82,16,4,0
2925699.0,2024-02-13 05:24:33.318000+00:00,7,-3.0,82,16,4,0
2925704.0,2024-02-13 05:25:44.739000+00:00,-3,-3.0,357,4,4,163599931
2925706.0,2024-02-13 05:25:46.787000+00:00,18,1162641874.0,27,60,5,1162641874
2925709.0,2024-02-13 05:25:44.739000+00:00,-3,-3.0,357,4,4,163599931
2925711.0,2024-02-13 05:25:46.787000+00:00,18,1162641874.0,27,60,5,1162641874
2925712.0,2024-02-13 05:26:17.284000+00:00,1,-3.0,9,6,0,0
2925713.0,2024-02-13 05:26:23.765000+00:00,-3,-3.0,357,4,4,163599931
2925714.0,2024-02-13 05:26:17.284000+00:00,1,-3.0,9,6,0,0
2925716.0,2024-02-13 05:26:23.765000+00:00,-3,-3.0,357,4,4,163599931
2925717.0,2024-02-13 05:26:41.208000+00:00,8,1361270216.0,421,19,7,1361270216
2925719.0,2024-02-13 05:26:41.208000+00:00,8,1361270216.0,421,19,7,1361270216
2925720.0,2024-02-13 05:27:04.741000+00:00,2,-3.0,-1,2,2,0
2925722.0,2024-02-13 05:27:04.741000+00:00,2,-3.0,-1,2,2,0
2925724.0,2024-02-13 05:27:34.639000+00:00,2,-3.0,-1,2,2,0
2925725.0,2024-02-13 05:27:38.744000+00:00,10,-1.0,4,47,8,314000000
2925730.0,2024-02-13 05:27:34.639000+00:00,2,-3.0,-1,2,2,0
2925731.0,2024-02-13 05:27:38.744000+00:00,10,-1.0,4,47,8,314000000
2925734.0,2024-02-13 05:28:10.386000+00:00,10,-1.0,4,47,8,314000000
2925735.0,2024-02-13 05:28:13.166000+00:00,-3,205400000.0,351,7,1,205400000
2925736.0,2024-02-13 05:28:14.420000+00:00,1,-3.0,-1,23,2,0
2925738.0,2024-02-13 05:28:23.518000+00:00,28,4491314039.0,56,65,10,6303498395
2925739.0,2024-02-13 05:28:10.386000+00:00,10,-1.0,4,47,8,314000000
2925740.0,2024-02-13 05:28:28.169000+00:00,2,1469998800.0,15,23,9,1469998800
2925741.0,2024-02-13 05:28:13.166000+00:00,-3,205400000.0,351,7,1,205400000
2925744.0,2024-02-13 05:28:14.420000+00:00,1,-3.0,-1,23,2,0
2925745.0,2024-02-13 05:28:44.832000+00:00,-3,205400000.0,351,7,1,205400000
2925746.0,2024-02-13 05:28:23.518000+00:00,28,4491314039.0,56,65,10,6303498395
2925747.0,2024-02-13 05:28:28.169000+00:00,2,1469998800.0,15,23,9,1469998800
2925749.0,2024-02-13 05:28:44.832000+00:00,-3,205400000.0,351,7,1,205400000
2925750.0,2024-02-13 05:29:03.815000+00:00,5,707319423.0,223,27,7,707319423
2925753.0,2024-02-13 05:29:03.815000+00:00,5,707319423.0,223,27,7,707319423
2925755.0,2024-02-13 05:29:40.077000+00:00,5,707319423.0,223,27,7,707319423
2925757.0,2024-02-13 05:29:40.077000+00:00,5,707319423.0,223,27,7,707319423
2925759.0,2024-02-13 05:29:59.943000+00:00,2,-3.0,-1,2,2,0
2925762.0,2024-02-13 05:29:59.943000+00:00,2,-3.0,-1,2,2,0
2925764.0,2024-02-13 05:30:24.728000+00:00,3,-1.0,0,11,5,411000000
2925765.0,2024-02-13 05:30:25.550000+00:00,5,-3.0,-1,5,3,0
2925767.0,2024-02-13 05:30:28.283000+00:00,2,-3.0,-1,2,2,0
2925769.0,2024-02-13 05:30:24.728000+00:00,3,-1.0,0,11,5,411000000
2925771.0,2024-02-13 05:30:28.283000+00:00,2,-3.0,-1,2,2,0
2925772.0,2024-02-13 05:30:39.245000+00:00,3,-1.0,1700,27,6,0
2925773.0,2024-02-13 05:30:25.550000+00:00,5,-3.0,-1,5,3,0
2925776.0,2024-02-13 05:30:48.869000+00:00,3,-1.0,0,11,5,411000000
2925779.0,2024-02-13 05:30:39.245000+00:00,3,-1.0,1700,27,6,0
2925781.0,2024-02-13 05:30:48.869000+00:00,3,-1.0,0,11,5,411000000
2925783.0,2024-02-13 05:31:06.422000+00:00,5,-3.0,-1,5,3,0
2925785.0,2024-02-13 05:31:09.444000+00:00,3,-1.0,1700,27,6,0
2925786.0,2024-02-13 05:31:06.422000+00:00,5,-3.0,-1,5,3,0
2925787.0,2024-02-13 05:31:09.444000+00:00,3,-1.0,1700,27,6,0
2925788.0,2024-02-13 05:31:23.896000+00:00,-3,-3.0,299,3,2,196974000
2925790.0,2024-02-13 05:31:23.896000+00:00,-3,-3.0,299,3,2,196974000
2925792.0,2024-02-13 05:31:50.507000+00:00,8,-3.0,51,8,4,204446666
2925793.0,2024-02-13 05:31:52.059000+00:00,-3,-3.0,299,3,2,196974000
2925795.0,2024-02-13 05:31:52.059000+00:00,-3,-3.0,299,3,2,196974000
2925796.0,2024-02-13 05:31:50.507000+00:00,8,-3.0,51,8,4,204446666
2925800.0,2024-02-13 05:32:29.438000+00:00,8,-3.0,51,8,4,204446666
2925801.0,2024-02-13 05:32:29.438000+00:00,8,-3.0,51,8,4,204446666
2925802.0,2024-02-13 05:32:53.811000+00:00,2,-3.0,-1,3,3,0
2925806.0,2024-02-13 05:32:53.811000+00:00,2,-3.0,-1,3,3,0
2925810.0,2024-02-13 05:33:31.707000+00:00,2,-3.0,-1,3,3,0
2925812.0,2024-02-13 05:33:31.707000+00:00,2,-3.0,-1,3,3,0
2925817.0,2024-02-13 05:34:48.761000+00:00,4,1121317.0,70,4,2,1121317
2925819.0,2024-02-13 05:34:58.129000+00:00,-3,-3.0,807,6,0,0
2925820.0,2024-02-13 05:34:48.761000+00:00,4,1121317.0,70,4,2,1121317
2925823.0,2024-02-13 05:34:58.129000+00:00,-3,-3.0,807,6,0,0
2925827.0,2024-02-13 05:35:28.775000+00:00,4,1121317.0,70,4,2,1121317
2925828.0,2024-02-13 05:35:29.548000+00:00,1,31022042493.0,68,7,1,31022042493
2925830.0,2024-02-13 05:35:28.775000+00:00,4,1121317.0,70,4,2,1121317
2925831.0,2024-02-13 05:35:39.248000+00:00,-3,-3.0,807,6,0,0
2925832.0,2024-02-13 05:35:29.548000+00:00,1,31022042493.0,68,7,1,31022042493
2925834.0,2024-02-13 05:35:39.248000+00:00,-3,-3.0,807,6,0,0
2925835.0,2024-02-13 05:35:54.350000+00:00,1,31022042493.0,68,7,1,31022042493
2925837.0,2024-02-13 05:35:54.350000+00:00,1,31022042493.0,68,7,1,31022042493
2925838.0,2024-02-13 05:36:09.661000+00:00,12,953687751.0,74,26,9,970354417
2925839.0,2024-02-13 05:36:09.672000+00:00,6,426275198.0,139,17,6,426275198
2925841.0,2024-02-13 05:36:09.672000+00:00,6,426275198.0,139,17,6,426275198
2925842.0,2024-02-13 05:36:09.661000+00:00,12,953687751.0,74,26,9,970354417
2925844.0,2024-02-13 05:36:38.904000+00:00,22,1148778676.0,54,29,10,1148778676
2925845.0,2024-02-13 05:36:43.615000+00:00,12,953687751.0,74,26,9,970354417
2925847.0,2024-02-13 05:36:38.904000+00:00,22,1148778676.0,54,29,10,1148778676
2925848.0,2024-02-13 05:36:43.615000+00:00,12,953687751.0,74,26,9,970354417
2925851.0,2024-02-13 05:37:08.694000+00:00,22,1148778676.0,54,29,10,1148778676
2925853.0,2024-02-13 05:37:08.694000+00:00,22,1148778676.0,54,29,10,1148778676
2925854.0,2024-02-13 05:37:40.622000+00:00,2,250000000.0,84,4,3,250000000
2925856.0,2024-02-13 05:37:40.622000+00:00,2,250000000.0,84,4,3,250000000
2925858.0,2024-02-13 05:38:18.602000+00:00,2,250000000.0,84,4,3,250000000
2925860.0,2024-02-13 05:38:18.602000+00:00,2,250000000.0,84,4,3,250000000
2925869.0,2024-02-13 05:39:57.399000+00:00,5,32700000000.0,13,24,4,32700000000
2925872.0,2024-02-13 05:39:57.399000+00:00,5,32700000000.0,13,24,4,32700000000
2925874.0,2024-02-13 05:40:28.526000+00:00,7,-1.0,370,13,5,0
2925875.0,2024-02-13 05:40:30.287000+00:00,9,-1.0,1,18,5,0
2925876.0,2024-02-13 05:40:30.312000+00:00,2,-3.0,187,7,3,309600000
2925879.0,2024-02-13 05:40:28.526000+00:00,7,-1.0,370,13,5,0
2925880.0,2024-02-13 05:40:43.713000+00:00,-3,-1.0,1063,7,1,0
2925881.0,2024-02-13 05:40:30.287000+00:00,9,-1.0,1,18,5,0
2925882.0,2024-02-13 05:40:30.312000+00:00,2,-3.0,187,7,3,309600000
2925887.0,2024-02-13 05:40:58.650000+00:00,9,-1.0,1,18,5,0
2925888.0,2024-02-13 05:40:43.713000+00:00,-3,-1.0,1063,7,1,0
2925890.0,2024-02-13 05:40:58.650000+00:00,9,-1.0,1,18,5,0
2925892.0,2024-02-13 05:41:25.260000+00:00,-3,-1.0,1063,7,1,0
2925893.0,2024-02-13 05:41:30.521000+00:00,13,-3.0,4,29,5,410000000
2925894.0,2024-02-13 05:41:25.260000+00:00,-3,-1.0,1063,7,1,0
2925897.0,2024-02-13 05:41:30.521000+00:00,13,-3.0,4,29,5,410000000
2925899.0,2024-02-13 05:42:00.520000+00:00,3,-1.0,0,11,5,411000000
2925900.0,2024-02-13 05:42:01.215000+00:00,1,1483485809.0,294,9,4,1483485809
2925901.0,2024-02-13 05:42:07.558000+00:00,13,-3.0,4,29,5,410000000
2925902.0,2024-02-13 05:42:00.520000+00:00,3,-1.0,0,11,5,411000000
2925903.0,2024-02-13 05:42:07.558000+00:00,13,-3.0,4,29,5,410000000
2925904.0,2024-02-13 05:42:01.215000+00:00,1,1483485809.0,294,9,4,1483485809
2925907.0,2024-02-13 05:43:04.731000+00:00,2,-1.0,1330,10,5,0
2925911.0,2024-02-13 05:43:04.731000+00:00,2,-1.0,1330,10,5,0
2925917.0,2024-02-13 05:43:41.556000+00:00,2,-1.0,1330,10,5,0
2925919.0,2024-02-13 05:43:52.547000+00:00,7,-3.0,122,8,4,0
2925921.0,2024-02-13 05:43:41.556000+00:00,2,-1.0,1330,10,5,0
2925924.0,2024-02-13 05:44:06.645000+00:00,-3,-1.0,1357,2,2,0
2925925.0,2024-02-13 05:43:52.547000+00:00,7,-3.0,122,8,4,0
2925928.0,2024-02-13 05:44:11.658000+00:00,3,3281945205.0,151,4,3,3281945205
2925929.0,2024-02-13 05:44:12.764000+00:00,-3,-1.0,195,5,4,151200000
2925934.0,2024-02-13 05:44:06.645000+00:00,-3,-1.0,1357,2,2,0
2925935.0,2024-02-13 05:44:23.559000+00:00,6,491809096.0,118,13,7,491809096
2925937.0,2024-02-13 05:44:12.764000+00:00,-3,-1.0,195,5,4,151200000
2925939.0,2024-02-13 05:44:11.658000+00:00,3,3281945205.0,151,4,3,3281945205
2925943.0,2024-02-13 05:44:37.477000+00:00,-3,-1.0,1357,2,2,0
2925944.0,2024-02-13 05:44:23.559000+00:00,6,491809096.0,118,13,7,491809096
2925945.0,2024-02-13 05:44:37.477000+00:00,-3,-1.0,1357,2,2,0
2925947.0,2024-02-13 05:44:54.247000+00:00,3,3281945205.0,151,4,3,3281945205
2925948.0,2024-02-13 05:45:02.666000+00:00,2,-3.0,-1,2,2,0
2925949.0,2024-02-13 05:44:54.247000+00:00,3,3281945205.0,151,4,3,3281945205
2925951.0,2024-02-13 05:45:02.666000+00:00,2,-3.0,-1,2,2,0
2925953.0,2024-02-13 05:45:31.940000+00:00,66,3319227081.0,71,134,13,3319227081
2925954.0,2024-02-13 05:45:31.940000+00:00,66,3319227081.0,71,134,13,3319227081
2925955.0,2024-02-13 05:46:08.928000+00:00,2,-3.0,-1,2,2,0
2925956.0,2024-02-13 05:46:08.928000+00:00,2,-3.0,-1,2,2,0
2925960.0,2024-02-13 05:47:07.460000+00:00,10,4681739639.0,88,52,14,4681739639
2925961.0,2024-02-13 05:47:20.547000+00:00,6,1923205715.0,168,40,10,1992205715
2925962.0,2024-02-13 05:47:23.616000+00:00,6,10435758829.0,172,8,6,10435758829
2925965.0,2024-02-13 05:47:07.460000+00:00,10,4681739639.0,88,52,14,4681739639
2925966.0,2024-02-13 05:47:20.547000+00:00,6,1923205715.0,168,40,10,1992205715
2925967.0,2024-02-13 05:47:23.616000+00:00,6,10435758829.0,172,8,6,10435758829
2925971.0,2024-02-13 05:47:50.052000+00:00,6,10435758829.0,172,8,6,10435758829
2925972.0,2024-02-13 05:47:51.398000+00:00,6,1923205715.0,168,40,10,1992205715
2925973.0,2024-02-13 05:47:50.052000+00:00,6,10435758829.0,172,8,6,10435758829
2925974.0,2024-02-13 05:47:51.398000+00:00,6,1923205715.0,168,40,10,1992205715
2925975.0,2024-02-13 05:48:30.987000+00:00,-3,-3.0,-1,7,3,0
2925977.0,2024-02-13 05:48:30.987000+00:00,-3,-3.0,-1,7,3,0
2925980.0,2024-02-13 05:49:10.761000+00:00,-3,-3.0,-1,7,3,0
2925981.0,2024-02-13 05:49:10.761000+00:00,-3,-3.0,-1,7,3,0
2925982.0,2024-02-13 05:49:30.407000+00:00,3,-1.0,992,7,6,0
2925984.0,2024-02-13 05:49:30.407000+00:00,3,-1.0,992,7,6,0
2925986.0,2024-02-13 05:49:58.839000+00:00,3,-1.0,992,7,6,0
2925988.0,2024-02-13 05:49:58.839000+00:00,3,-1.0,992,7,6,0
2925991.0,2024-02-13 05:51:09.368000+00:00,4,11942774100.0,95,14,7,12181990300
2925995.0,2024-02-13 05:51:09.368000+00:00,4,11942774100.0,95,14,7,12181990300
2925997.0,2024-02-13 05:51:42.925000+00:00,2,1494204.0,1023,9,2,1494204
2925998.0,2024-02-13 05:51:46.364000+00:00,4,11942774100.0,95,14,7,12181990300
2925999.0,2024-02-13 05:51:42.925000+00:00,2,1494204.0,1023,9,2,1494204
2926000.0,2024-02-13 05:51:46.364000+00:00,4,11942774100.0,95,14,7,12181990300
2926008.0,2024-02-13 05:52:53.760000+00:00,2,-3.0,-1,2,2,0
2926010.0,2024-02-13 05:52:53.760000+00:00,2,-3.0,-1,2,2,0
2926013.0,2024-02-13 05:53:26.749000+00:00,2,-3.0,-1,2,2,0
2926014.0,2024-02-13 05:53:26.749000+00:00,2,-3.0,-1,2,2,0
2926016.0,2024-02-13 05:53:58.793000+00:00,2,-3.0,187,7,3,309600000
2926018.0,2024-02-13 05:53:58.793000+00:00,2,-3.0,187,7,3,309600000
2926019.0,2024-02-13 05:54:26.194000+00:00,31,-3.0,378,38,9,0
2926020.0,2024-02-13 05:54:26.194000+00:00,31,-3.0,378,38,9,0
2926021.0,2024-02-13 05:54:42.028000+00:00,5,-3.0,147,10,5,0
2926023.0,2024-02-13 05:54:42.028000+00:00,5,-3.0,147,10,5,0
2926024.0,2024-02-13 05:55:13.643000+00:00,6,2655000001.0,68,11,4,2657874667
2926026.0,2024-02-13 05:55:13.643000+00:00,6,2655000001.0,68,11,4,2657874667
2926028.0,2024-02-13 05:55:47.604000+00:00,1,-3.0,-1,2,1,0
2926029.0,2024-02-13 05:55:47.604000+00:00,1,-3.0,-1,2,1,0
2926030.0,2024-02-13 05:56:10.877000+00:00,2,250000000.0,84,4,3,250000000
2926032.0,2024-02-13 05:56:10.877000+00:00,2,250000000.0,84,4,3,250000000
2926037.0,2024-02-13 05:56:46.312000+00:00,10,-1.0,8,26,11,22288000
2926039.0,2024-02-13 05:56:46.312000+00:00,10,-1.0,8,26,11,22288000
2926041.0,2024-02-13 05:57:07.503000+00:00,2,-1.0,13,3,2,0
2926043.0,2024-02-13 05:57:12.578000+00:00,47,1046032985.0,48,54,7,1046032985
2926044.0,2024-02-13 05:57:14.443000+00:00,2,-1.0,1062,17,5,0
2926045.0,2024-02-13 05:57:17.144000+00:00,10,-1.0,8,26,11,22288000
2926048.0,2024-02-13 05:57:07.503000+00:00,2,-1.0,13,3,2,0
2926051.0,2024-02-13 05:57:12.578000+00:00,47,1046032985.0,48,54,7,1046032985
2926052.0,2024-02-13 05:57:14.443000+00:00,2,-1.0,1062,17,5,0
2926053.0,2024-02-13 05:57:17.144000+00:00,10,-1.0,8,26,11,22288000
2926056.0,2024-02-13 05:57:35.231000+00:00,2,-1.0,13,3,2,0
2926058.0,2024-02-13 05:57:44.524000+00:00,47,1046032985.0,48,54,7,1046032985
2926060.0,2024-02-13 05:57:35.231000+00:00,2,-1.0,13,3,2,0
2926063.0,2024-02-13 05:57:44.524000+00:00,47,1046032985.0,48,54,7,1046032985
2926066.0,2024-02-13 05:58:15.374000+00:00,-3,7269311925.0,1557,12,3,7269311925
2926069.0,2024-02-13 05:58:23.326000+00:00,20,3055510510.0,15,24,10,3314651254
2926070.0,2024-02-13 05:58:15.374000+00:00,-3,7269311925.0,1557,12,3,7269311925
2926071.0,2024-02-13 05:58:23.326000+00:00,20,3055510510.0,15,24,10,3314651254
2926072.0,2024-02-13 05:58:49.357000+00:00,1,-3.0,-1,7,1,0
2926075.0,2024-02-13 05:59:04.569000+00:00,6,967499164.0,172,17,6,967499164
2926076.0,2024-02-13 05:58:49.357000+00:00,1,-3.0,-1,7,1,0
2926079.0,2024-02-13 05:59:16.868000+00:00,1,-3.0,-1,7,1,0
2926081.0,2024-02-13 05:59:04.569000+00:00,6,967499164.0,172,17,6,967499164
2926084.0,2024-02-13 05:59:16.868000+00:00,1,-3.0,-1,7,1,0
2926088.0,2024-02-13 05:59:57.230000+00:00,4,259607921.0,267,23,11,259607921
2926089.0,2024-02-13 05:59:57.230000+00:00,4,259607921.0,267,23,11,259607921
2926090.0,2024-02-13 06:00:22.025000+00:00,-3,297334099.0,257,7,2,297334099
2926092.0,2024-02-13 06:00:22.025000+00:00,-3,297334099.0,257,7,2,297334099
2926094.0,2024-02-13 06:00:51.515000+00:00,-3,297334099.0,257,7,2,297334099
2926096.0,2024-02-13 06:00:51.515000+00:00,-3,297334099.0,257,7,2,297334099
2926101.0,2024-02-13 06:01:47.495000+00:00,6,2845763433.0,146,21,6,3685763433
2926102.0,2024-02-13 06:01:47.495000+00:00,6,2845763433.0,146,21,6,3685763433
2926104.0,2024-02-13 06:02:15.113000+00:00,28,737240233.0,8,53,6,1403840233
2926105.0,2024-02-13 06:02:15.791000+00:00,2,-3.0,-1,2,2,0
2926107.0,2024-02-13 06:02:15.791000+00:00,2,-3.0,-1,2,2,0
2926109.0,2024-02-13 06:02:15.113000+00:00,28,737240233.0,8,53,6,1403840233
2926111.0,2024-02-13 06:02:33.452000+00:00,-3,297334099.0,257,7,2,297334099
2926113.0,2024-02-13 06:02:42.656000+00:00,2,-3.0,-1,2,2,0
2926114.0,2024-02-13 06:02:33.452000+00:00,-3,297334099.0,257,7,2,297334099
2926115.0,2024-02-13 06:02:43.786000+00:00,1,18187711912.0,817,12,6,18187711912
2926117.0,2024-02-13 06:02:50.882000+00:00,2,-1.0,13,3,2,0
2926120.0,2024-02-13 06:02:42.656000+00:00,2,-3.0,-1,2,2,0
2926123.0,2024-02-13 06:02:50.882000+00:00,2,-1.0,13,3,2,0
2926124.0,2024-02-13 06:02:43.786000+00:00,1,18187711912.0,817,12,6,18187711912
2926129.0,2024-02-13 06:03:19.138000+00:00,1,18187711912.0,817,12,6,18187711912
2926133.0,2024-02-13 06:03:19.138000+00:00,1,18187711912.0,817,12,6,18187711912
2926134.0,2024-02-13 06:03:34.403000+00:00,-3,-1.0,1359,6,4,0
2926138.0,2024-02-13 06:03:39.710000+00:00,47,1046032985.0,48,54,7,1046032985
2926139.0,2024-02-13 06:03:34.403000+00:00,-3,-1.0,1359,6,4,0
2926141.0,2024-02-13 06:03:39.710000+00:00,47,1046032985.0,48,54,7,1046032985
2926144.0,2024-02-13 06:03:59.460000+00:00,-3,-1.0,1639,2,1,0
2926146.0,2024-02-13 06:04:01.300000+00:00,-3,-1.0,1359,6,4,0
2926151.0,2024-02-13 06:04:01.300000+00:00,-3,-1.0,1359,6,4,0
2926152.0,2024-02-13 06:03:59.460000+00:00,-3,-1.0,1639,2,1,0
2926155.0,2024-02-13 06:04:25.377000+00:00,-3,505555560.0,309,5,2,505555560
2926156.0,2024-02-13 06:04:29.153000+00:00,-3,-1.0,1639,2,1,0
2926159.0,2024-02-13 06:04:40.516000+00:00,3,-3.0,-1,4,3,0
2926160.0,2024-02-13 06:04:29.153000+00:00,-3,-1.0,1639,2,1,0
2926161.0,2024-02-13 06:04:25.377000+00:00,-3,505555560.0,309,5,2,505555560
2926166.0,2024-02-13 06:04:54.827000+00:00,-3,505555560.0,309,5,2,505555560
2926167.0,2024-02-13 06:04:40.516000+00:00,3,-3.0,-1,4,3,0
2926170.0,2024-02-13 06:04:54.827000+00:00,-3,505555560.0,309,5,2,505555560
2926172.0,2024-02-13 06:05:18+00:00,3,-3.0,-1,4,3,0
2926173.0,2024-02-13 06:05:24.987000+00:00,1,-3.0,-1,2,2,0
2926175.0,2024-02-13 06:05:18+00:00,3,-3.0,-1,4,3,0
2926177.0,2024-02-13 06:05:24.987000+00:00,1,-3.0,-1,2,2,0
2926180.0,2024-02-13 06:06:01.101000+00:00,1,-3.0,-1,2,2,0
2926182.0,2024-02-13 06:06:10.693000+00:00,-3,-1.0,1359,6,4,0
2926183.0,2024-02-13 06:06:01.101000+00:00,1,-3.0,-1,2,2,0
2926184.0,2024-02-13 06:06:15.119000+00:00,4,1766563873.0,155,14,6,1766563873
2926185.0,2024-02-13 06:06:10.693000+00:00,-3,-1.0,1359,6,4,0
2926186.0,2024-02-13 06:06:15.119000+00:00,4,1766563873.0,155,14,6,1766563873
2926189.0,2024-02-13 06:06:41.451000+00:00,2,-3.0,-1,2,2,0
2926191.0,2024-02-13 06:06:41.451000+00:00,2,-3.0,-1,2,2,0
2926193.0,2024-02-13 06:07:04.529000+00:00,13,1930703189.0,49,23,9,1930703189
2926194.0,2024-02-13 06:07:04.529000+00:00,13,1930703189.0,49,23,9,1930703189
2926195.0,2024-02-13 06:07:21.736000+00:00,2,-3.0,-1,2,2,0
2926196.0,2024-02-13 06:07:21.736000+00:00,2,-3.0,-1,2,2,0
2926199.0,2024-02-13 06:09:26.994000+00:00,-3,217320883.0,729,6,3,217320883
2926201.0,2024-02-13 06:09:26.994000+00:00,-3,217320883.0,729,6,3,217320883
2926205.0,2024-02-13 06:09:54.210000+00:00,-3,217320883.0,729,6,3,217320883
